timestamp,count
2023-01-01,85
2023-01-02,226
2023-01-03,229
2023-01-04,208
2023-01-05,175
2023-01-06,216
2023-01-07,95
2023-01-08,85
2023-01-09,202
2023-01-10,204
2023-01-11,190
2023-01-12,223
2023-01-13,195
2023-01-14,98
2023-01-15,78
2023-01-16,210
2023-01-17,211
2023-01-18,171
2023-01-19,217
2023-01-20,196
2023-01-21,96
2023-01-22,75
2023-01-23,258
2023-01-24,231
2023-01-25,213
2023-01-26,180
2023-01-27,185
2023-01-28,76
2023-01-29,70
2023-01-30,239
2023-01-31,222
2023-02-01,226
2023-02-02,187
2023-02-03,181
2023-02-04,88
2023-02-05,71
2023-02-06,202
2023-02-07,205
2023-02-08,182
2023-02-09,207
2023-02-10,184
2023-02-11,98
2023-02-12,83
2023-02-13,216
2023-02-14,229
2023-02-15,216
2023-02-16,191
2023-02-17,175
2023-02-18,93
2023-02-19,71
2023-02-20,207
2023-02-21,176
2023-02-22,215
2023-02-23,208
2023-02-24,198
2023-02-25,96
2023-02-26,79
2023-02-27,232
2023-02-28,184
2023-03-01,174
2023-03-02,207
2023-03-03,185
2023-03-04,90
2023-03-05,86
2023-03-06,237
2023-03-07,210
2023-03-08,201
2023-03-09,185
2023-03-10,161
2023-03-11,87
2023-03-12,73
2023-03-13,220
2023-03-14,230
2023-03-15,182
2023-03-16,171
2023-03-17,176
2023-03-18,83
2023-03-19,82
2023-03-20,230
2023-03-21,225
2023-03-22,207
2023-03-23,191
2023-03-24,205
2023-03-25,79
2023-03-26,67
2023-03-27,198
2023-03-28,221
2023-03-29,196
2023-03-30,177
2023-03-31,189
2023-04-01,79
2023-04-02,83
2023-04-03,224
2023-04-04,199
2023-04-05,185
2023-04-06,205
2023-04-07,179
2023-04-08,77
2023-04-09,72
2023-04-10,258
2023-04-11,232
2023-04-12,209
2023-04-13,183
2023-04-14,214
2023-04-15,97
2023-04-16,85
2023-04-17,223
2023-04-18,194
2023-04-19,173
2023-04-20,222
2023-04-21,184
2023-04-22,80
2023-04-23,74
2023-04-24,233
2023-04-25,189
2023-04-26,218
2023-04-27,212
2023-04-28,199
2023-04-29,86
2023-04-30,81
2023-05-01,232
2023-05-02,217
2023-05-03,172
2023-05-04,192
2023-05-05,161
2023-05-06,88
2023-05-07,74
2023-05-08,202
2023-05-09,182
2023-05-10,202
2023-05-11,177
2023-05-12,212
2023-05-13,91
2023-05-14,75
2023-05-15,233
2023-05-16,178
2023-05-17,225
2023-05-18,197
2023-05-19,203
2023-05-20,78
2023-05-21,78
2023-05-22,226
2023-05-23,235
2023-05-24,201
2023-05-25,195
2023-05-26,174
2023-05-27,84
2023-05-28,79
2023-05-29,222
2023-05-30,178
2023-05-31,216
2023-06-01,220
2023-06-02,168
2023-06-03,90
2023-06-04,70
2023-06-05,238
2023-06-06,194
2023-06-07,206
2023-06-08,210
2023-06-09,203
2023-06-10,78
2023-06-11,89
2023-06-12,209
2023-06-13,179
2023-06-14,201
2023-06-15,190
2023-06-16,208
2023-06-17,97
2023-06-18,74
2023-06-19,257
2023-06-20,194
2023-06-21,198
2023-06-22,182
2023-06-23,211
2023-06-24,81
2023-06-25,68
2023-06-26,222
2023-06-27,237
2023-06-28,220
2023-06-29,212
2023-06-30,209
2023-07-01,99
2023-07-02,79
2023-07-03,215
2023-07-04,224
2023-07-05,207
2023-07-06,189
2023-07-07,165
2023-07-08,95
2023-07-09,73
2023-07-10,257
2023-07-11,191
2023-07-12,174
2023-07-13,217
2023-07-14,167
2023-07-15,80
2023-07-16,82
2023-07-17,253
2023-07-18,190
2023-07-19,187
2023-07-20,213
2023-07-21,214
2023-07-22,89
2023-07-23,70
2023-07-24,193
2023-07-25,190
2023-07-26,175
2023-07-27,207
2023-07-28,166
2023-07-29,88
2023-07-30,83
2023-07-31,232
2023-08-01,188
2023-08-02,215
2023-08-03,211
2023-08-04,201
2023-08-05,78
2023-08-06,70
2023-08-07,255
2023-08-08,200
2023-08-09,186
2023-08-10,196
2023-08-11,197
2023-08-12,101
2023-08-13,74
2023-08-14,255
2023-08-15,178
2023-08-16,200
2023-08-17,205
2023-08-18,166
2023-08-19,80
2023-08-20,79
2023-08-21,258
2023-08-22,213
2023-08-23,222
2023-08-24,215
2023-08-25,186
2023-08-26,97
2023-08-27,68
2023-08-28,200
2023-08-29,227
2023-08-30,214
2023-08-31,183
2023-09-01,190
2023-09-02,92
2023-09-03,87
2023-09-04,233
2023-09-05,202
2023-09-06,189
2023-09-07,194
2023-09-08,195
2023-09-09,98
2023-09-10,77
2023-09-11,210
2023-09-12,191
2023-09-13,211
2023-09-14,216
2023-09-15,165
2023-09-16,79
2023-09-17,81
2023-09-18,202
2023-09-19,228
2023-09-20,186
2023-09-21,177
2023-09-22,211
2023-09-23,82
2023-09-24,73
2023-09-25,204
2023-09-26,186
2023-09-27,168
2023-09-28,170
2023-09-29,170
2023-09-30,77
